company_name,website,country,industry,buyer_type,product_interest,contact_person,email,whatsapp,phone,linkedin,source,evidence,lead_score,run_id,collected_at,search_query
Klasky Csupo in Bump Map - YouTube,https://www.youtube.com/watch?v=vxaVFNYZPjc,China,,Potential buyer / industrial consumer,,,,,20261007.08,,SearXNG,"Oct 31, 2024 · Enjoy the videos and music you love, upload original content, and share it all with friends, family, and the world on …",1,37908110188,2026-10-09T08:57:07.787345+00:00,"""petroleum products"" procurement purchasing importer manufacturer ""Guangdong"" ""Guangzhou"" China contact -jobs -careers -hiring -article -blog -directory -news"
klasky csupo in bump map - Youtube Multiplier,https://www.youtubemultiplier.com/59dc05a2bcf3b-klasky-csupo-in-bump-map.php,China,,Potential buyer / industrial consumer,,,,,222590571157731,,SearXNG,"Try it on a large TV screen, it's impressive ! This website is just a place of fun. So have fun and enjoy life :) Comments are owned by …",1,37908110188,2026-10-09T08:57:07.787345+00:00,"""petroleum products"" procurement purchasing importer manufacturer ""Guangdong"" ""Guangzhou"" China contact -jobs -careers -hiring -article -blog -directory -news"
Bump Map | Klasky Csupo Effects REMAKE Wiki | Fandom,https://klasky-csupo-effects-remake.fandom.com/wiki/Bump_Map,China,,Potential buyer / industrial consumer,,,,,,,SearXNG,Bump Map Is A Effect Created By GrayCatLogoEditor539 In 2015. Invert - (Default) Or 100% Inversion Mirror After Choosing “ …,0,37908110188,2026-10-09T08:57:07.787345+00:00,"""petroleum products"" procurement purchasing importer manufacturer ""Guangdong"" ""Guangzhou"" China contact -jobs -careers -hiring -article -blog -directory -news"
Klasky Csupo Center Effects Bump Map - Vimeo,https://vimeo.com/253868583?msockid=1095ff307fa76e391c6ce8dd7ef16f3b,China,,Potential buyer / industrial consumer,,,,,680869731,,SearXNG,"This is ""Klasky Csupo Center Effects Bump Map"" by Roblox Pictures (yoelhgo2009) on Vimeo, the home for high quality videos and …",1,37908110188,2026-10-09T08:57:07.787345+00:00,"""petroleum products"" procurement purchasing importer manufacturer ""Guangdong"" ""Guangzhou"" China contact -jobs -careers -hiring -article -blog -directory -news"
LTKC Map | Klasky Csupo Effects Wiki | Fandom,https://klasky-csupo-effects.fandom.com/wiki/LTKC_Map,China,,Potential buyer / industrial consumer,,,,,,,SearXNG,LTKC Map is a 2nd effect series. It is one of the effects that could be used for a +1-semitone effect spot. Apply Gradient Map with …,0,37908110188,2026-10-09T08:57:07.787345+00:00,"""petroleum products"" procurement purchasing importer manufacturer ""Guangdong"" ""Guangzhou"" China contact -jobs -careers -hiring -article -blog -directory -news"
Klasky Csupo - Pika Major,https://websim.com/@Singlesandbox/klasky-csupo-pika-major-2,China,,Potential buyer / industrial consumer,,,,,671-4672-8993-6,,SearXNG,"Klasky Csupo - Pika Major is an experimental, interactive web piece merging generative animation and audio-inspired composition …",1,37908110188,2026-10-09T08:57:07.787345+00:00,"""petroleum products"" procurement purchasing importer manufacturer ""Guangdong"" ""Guangzhou"" China contact -jobs -careers -hiring -article -blog -directory -news"
Navegar en modo Incógnito - Ordenador - Ayuda de Google Chrome,https://support.google.com/chrome/answer/95464?hl=es&co=GENIE.Platform%3DDesktop,China,,Potential buyer / industrial consumer,,,,,0 0 .0625,,SearXNG,Puedes navegar por la Web de forma más privada con el modo Incógnito. El modo Incógnito limita lo que se guarda en tu dispositivo …,1,37908110188,2026-10-09T08:57:07.787345+00:00,"""petroleum products"" ""industrial park"" ""Guangdong"" China factory purchasing sourcing procurement ""Ningbo Petrochemical Economic and Technological Development Zone"" -jobs -careers -article -blog -directory -news"
"Visit Anchorage, Alaska | Things To Do, Hotels & Adventure",https://www.anchorage.net/,China,,Potential buyer / industrial consumer,,,,,88089537715,,SearXNG,"Anchorage.net is the official source for Anchorage, Alaska and Southcentral Alaska travel information on everything from outdoor …",1,37908110188,2026-10-09T08:57:07.787345+00:00,"""petroleum products"" industrial consumer buyer supplier ""Guangzhou"" OR ""Shenzhen"" China company contact procurement -jobs -careers -article -blog -directory -news"
Visit Anchorage - Travel Alaska,https://www.travelalaska.com/portage-glacier/planning-tools/visitor-centers-vacation-planners/visit-anchorage,China,,Potential buyer / industrial consumer,,,,,,,SearXNG,Find free advice from friendly Alaskans at the Anchorage Visitor Information Center. Local experts share information on the best …,0,37908110188,2026-10-09T08:57:07.787345+00:00,"""petroleum products"" industrial consumer buyer supplier ""Guangzhou"" OR ""Shenzhen"" China company contact procurement -jobs -careers -article -blog -directory -news"
"Anchorage, Alaska | Where to Stay & Things to Do",https://www.alaska.org/destination/anchorage,China,,Potential buyer / industrial consumer,,,team@alaska.org,,197898590220512,,SearXNG,Discover Alaska's largest city with advice from locals.,1,37908110188,2026-10-09T08:57:07.787345+00:00,"""petroleum products"" industrial consumer buyer supplier ""Guangzhou"" OR ""Shenzhen"" China company contact procurement -jobs -careers -article -blog -directory -news"
"Anchorage, Alaska | Adventure, Nature & Culture - Visit The USA",https://www.visittheusa.com/destinations/alaska/anchorage/,China,,Potential buyer / industrial consumer,,,,,,,SearXNG,"Anchorage, Alaska, is a frontier town grown large — an outdoor, cultural and urban capital on a Cook Inlet peninsula. Explore a …",0,37908110188,2026-10-09T08:57:07.787345+00:00,"""petroleum products"" industrial consumer buyer supplier ""Guangzhou"" OR ""Shenzhen"" China company contact procurement -jobs -careers -article -blog -directory -news"
