company_name,website,email,message,status
"Oil, Gas & Petrochemical Industrial Products & Supply",https://www.grayfordindustrial.com/,sales@grayford.com,"SUBJECT: Strategic Sourcing Partnership: ROZHAN GLOBAL & Grayford Industrial

Dear Procurement Team,

I am writing to you on behalf of ROZHAN GLOBAL (روژان تجارت سیروان). We specialize in the international sourcing and trade of petroleum products, chemicals, and petrochemicals.

Given Grayford Industrial’s expertise in the global procurement of equipment and supplies for the petrochemical sector, we believe there is a strong synergy between our organizations. We are well-positioned to support your supply chain requirements with our robust sourcing capabilities.

We would welcome the opportunity to discuss how we can assist with your current petrochemical procurement needs. You may reach us via our website at https://www.rojanglobal.com or directly via WhatsApp at +989023517939.

We look forward to the possibility of collaborating with you.

Best regards,

B2B Trade Development Assistant
ROZHAN GLOBAL (روژان تجارت سیروان)",sent
Procurement services | Supply chain management | Petrofac,https://www.petrofac.com/services/project-execution/procurement,rodrigue.elchemaly@petrofac.com,"SUBJECT: Strategic Sourcing Partnership: ROZHAN GLOBAL & Petrofac

Dear Procurement Team,

I am writing to you from ROZHAN GLOBAL, where we specialize in the international trade and sourcing of petroleum products, chemicals, petrochemicals, steel, and renewable energy.

We have been following Petrofac’s commitment to prioritizing local content and driving in-country value across your global projects. Given your focus on robust supply chain management and logistics support, we believe our sourcing capabilities can provide significant value to your operations.

We would welcome the opportunity to discuss how our expertise can support your upcoming procurement requirements. 

You can learn more about our portfolio at https://www.rojanglobal.com or reach us directly via WhatsApp at +989023517939.

Best regards,

Trade Development Assistant
ROZHAN GLOBAL",sent
High Paying Houston careers in Petrochemical,https://petrochemworks.com/job-types/logistics-supply-chain-procurement,crafttraining@cmefhouston.org,"SUBJECT: Strategic Sourcing Partnership: ROZHAN GLOBAL & Petrochemical Supply Chain

Dear Hiring Team,

I am writing to you from ROZHAN GLOBAL, an international trade firm specializing in the sourcing and supply of petrochemicals, petroleum products, chemicals, steel, and renewable energy.

Given your current focus on expanding your logistics and supply chain operations within the petrochemical sector, I believe there is a strong synergy between our sourcing capabilities and your operational requirements. We are well-positioned to support your supply chain stability through our established international trade network.

You can learn more about our expertise at https://www.rojanglobal.com. I would welcome the opportunity to discuss how we can support your procurement needs. Please feel free to reach out via WhatsApp at +989023517939.

Best regards,

B2B Trade Development Assistant
ROZHAN GLOBAL",sent
Petrochemical.com — Global B2B Chemical Directory | Petroche...,https://www.petrochemical.com/,,"SUBJECT: Strategic Sourcing Partnership: ROZHAN GLOBAL

Dear Petrochemical.com Team,

I am writing to you on behalf of ROZHAN GLOBAL, a firm specializing in the international trade and sourcing of petrochemicals, petroleum products, chemicals, steel, and renewable energy.

We are interested in exploring how your platform can facilitate connections with global procurement professionals and enhance our market reach within the petrochemical sector. We would appreciate learning more about your directory services and how we can leverage your network to support our trade operations.

You can learn more about our company at https://www.rojanglobal.com or reach us directly via WhatsApp at +989023517939.

We look forward to hearing from you.

Best regards,

B2B Trade Development Assistant
ROZHAN GLOBAL",no_public_email
Procurement categories for chemical manufacturers: A brief guide ...,https://lightsource.ai/blog/chemical-procurement,press@lightsource.ai,"SUBJECT: Strategic Sourcing Partnership: ROZHAN GLOBAL

Dear Procurement Team,

I am writing to you from ROZHAN GLOBAL, an international trade firm specializing in the sourcing and supply of chemicals and petrochemical products.

Given your focus on the procurement categories essential for chemical manufacturing—ranging from raw materials to safety and compliance—we believe our expertise can support your supply chain requirements. We are well-positioned to assist your organization in securing high-quality materials to meet your production standards.

I invite you to visit our website at https://www.rojanglobal.com to learn more about our trade capabilities. If you would like to discuss how we can support your specific procurement needs, please feel free to reach out to us directly via WhatsApp at +989023517939.

We look forward to the possibility of collaborating with you.

Best regards,

Trade Development Assistant
ROZHAN GLOBAL",sent
$23-$69/hr Petrochemical Procurement Jobs (NOW HIRING),https://www.ziprecruiter.com/Jobs/Petrochemical-Procurement,,"SUBJECT: Strategic Sourcing Partnership: ROZHAN GLOBAL

Dear Procurement Team,

I am writing to you on behalf of ROZHAN GLOBAL, a specialist in the international sourcing and trade of petrochemicals, petroleum products, steel, and renewable energy.

Given your active recruitment and focus within the petrochemical sector, I would like to introduce our supply capabilities. We are committed to providing reliable, high-quality sourcing solutions tailored to the needs of global industry players.

We would welcome the opportunity to discuss how our trade expertise can support your procurement requirements. You can learn more about our operations at https://www.rojanglobal.com or reach us directly via WhatsApp at +989023517939.

We look forward to the possibility of collaborating with your team.

Best regards,

B2B Trade Development Assistant
ROZHAN GLOBAL",no_public_email
How to Choose the Right Oil and Gas Procurement Company - PCCS,https://www.pccs.com.sg/choose-the-right-oil-and-gas-procurement-company/,sales@pccs.com.sg,"SUBJECT: Strategic Sourcing Partnership: ROZHAN GLOBAL

Dear PCCS Team,

I am writing to you from ROZHAN GLOBAL, an international trade firm specializing in the sourcing of petroleum products, chemicals, petrochemicals, steel, and renewable energy.

We understand that selecting the right procurement partner is essential to ensuring efficient sourcing, regulatory compliance, and cost optimization within your energy supply chain. With our expertise in global trade, we are well-positioned to support your procurement requirements and streamline your supply chain operations.

I invite you to visit our website at https://www.rojanglobal.com to learn more about our capabilities. Should you wish to discuss how we can assist with your specific sourcing needs, please feel free to reach out to me directly via WhatsApp at +989023517939.

We look forward to the possibility of collaborating with PCCS.

Best regards,

Trade Development Assistant
ROZHAN GLOBAL",sent
Petrochemical - Körber Supply Chain,https://koerber-supplychain.com/industries/petrochemical/,,"SUBJECT: Strategic Sourcing Partnership: ROZHAN GLOBAL & Körber Supply Chain

Dear Procurement Team,

I am writing to you from ROZHAN GLOBAL, a specialist in international trade and sourcing for the petrochemical and chemical industries.

We understand that the complexity of petrochemical supply chain management requires seamless synchronization between raw material procurement and the efficient removal of finished goods to ensure continuous plant operations. At ROZHAN GLOBAL, we provide the reliable sourcing solutions necessary to support these critical operational requirements.

We would welcome the opportunity to discuss how our expertise can support your supply chain objectives. You can learn more about our capabilities at https://www.rojanglobal.com or reach us directly via WhatsApp at +989023517939.

Best regards,

Trade Development Team
ROZHAN GLOBAL",no_public_email
"Procurement Manager Petrochemical Jobs, Employment | Indeed",https://www.indeed.com/q-procurement-manager-petrochemical-jobs.html,,"SUBJECT: Strategic Sourcing Partnership: ROZHAN GLOBAL

Dear Procurement Manager,

I am reaching out from ROZHAN GLOBAL, a firm specializing in the international trade and sourcing of petrochemicals, petroleum products, steel, and renewable energy.

Given your active role in the petrochemical sector, I would like to introduce our capabilities as a reliable supply chain partner. We are well-positioned to support your procurement requirements with professional sourcing solutions tailored to the industry.

You can learn more about our operations at https://www.rojanglobal.com. Should you have any current or upcoming procurement needs, please feel free to reach out to us directly via WhatsApp at +989023517939.

We look forward to the possibility of collaborating with your team.

Best regards,

Trade Development Assistant
ROZHAN GLOBAL",no_public_email
7 Chemical buyer jobs in United States | Glassdoor,"https://www.glassdoor.com/Job/chemical-buyer-jobs-SRCH_KO0,14.htm",,"SUBJECT: Strategic Sourcing Partnership: ROZHAN GLOBAL

Dear Procurement Team,

I am writing to you on behalf of ROZHAN GLOBAL, a firm specializing in the international sourcing and trade of chemicals, petrochemicals, petroleum products, steel, and renewable energy.

Given your active recruitment for chemical buyers, I believe our supply chain capabilities could provide significant value to your operations. We are well-positioned to support your procurement requirements with reliable, high-quality chemical sourcing solutions.

I invite you to visit our website at https://www.rojanglobal.com to learn more about our trade expertise. Should you wish to discuss potential collaboration, please feel free to reach out to us directly via WhatsApp at +989023517939.

We look forward to the possibility of working with your team.

Best regards,

B2B Trade Development Assistant
ROZHAN GLOBAL",no_public_email
Procurement of Petrochemical Pipeline Equipment,http://cpp.cnpc.com.cn/kexinen/sbdcg/sbdcg.shtml,,"SUBJECT: Strategic Sourcing Partnership: Petrochemical Supply Solutions for [Company Name]

Dear Procurement Team,

I am writing to you on behalf of ROZHAN GLOBAL, a specialist in international trade and sourcing for the petrochemical and energy sectors.

We understand your focus on the procurement of petrochemical pipeline equipment and the importance of reliable, end-to-end supply chain solutions. At ROZHAN GLOBAL, we provide comprehensive sourcing services for petrochemicals, chemicals, and industrial materials, designed to streamline your project requirements.

We would welcome the opportunity to discuss how our sourcing capabilities can support your upcoming pipeline projects. You can learn more about our operations at https://www.rojanglobal.com or reach us directly via WhatsApp at +989023517939.

We look forward to the possibility of collaborating with you.

Best regards,

B2B Trade Development Assistant
ROZHAN GLOBAL (روژان تجارت سیروان)",no_public_email
Sr Buyer,https://www.westlaketalent.com/sr-buyer/job/94FD95ECAB06DE703D1232B1393CB8B9,,"SUBJECT: Strategic Sourcing Partnership: Petrochemicals | ROZHAN GLOBAL

Dear Sr Buyer,

I am writing to introduce ROZHAN GLOBAL, a specialist in international trade and sourcing for the petrochemical industry.

We understand the complexities of procurement and the importance of maintaining high standards for quality and supply chain reliability. With our expertise in the global petrochemical market, we are well-positioned to support your purchasing requirements and assist in managing your supply contracts effectively.

I would welcome the opportunity to discuss how our sourcing capabilities can align with your current procurement objectives. 

You can learn more about our operations at https://www.rojanglobal.com or reach me directly via WhatsApp at +989023517939.

Best regards,

Trade Development Assistant
ROZHAN GLOBAL",no_public_email
PetrochemWorks: Procurement Buyer,https://petrochemworks.com/job/procurement-buyer,crafttraining@cmefhouston.org,"SUBJECT: Strategic Sourcing Partnership: ROZHAN GLOBAL

Dear Procurement Team at PetrochemWorks,

I am writing to introduce ROZHAN GLOBAL as a reliable partner for your industrial procurement requirements. We specialize in the international trade and sourcing of petroleum products, chemicals, petrochemicals, steel, and renewable energy solutions.

We understand the critical role procurement plays in your manufacturing processes and are prepared to support your supply chain with professional sourcing expertise. 

You can learn more about our capabilities at https://www.rojanglobal.com. Should you have any immediate requirements or wish to discuss potential collaboration, please feel free to reach out via WhatsApp at +989023517939.

We look forward to the possibility of working with PetrochemWorks.

Best regards,

Trade Development Assistant
ROZHAN GLOBAL",sent
$23-$79/hr Oilfield Procurement Jobs (NOW HIRING) Apr 2026,https://www.ziprecruiter.com/Jobs/Oilfield-Procurement,,"SUBJECT: Strategic Sourcing Partnership: ROZHAN GLOBAL

Dear Procurement Team,

I am writing to you on behalf of ROZHAN GLOBAL. We specialize in international trade and the sourcing of petroleum products, chemicals, petrochemicals, steel, and renewable energy solutions.

We are interested in exploring potential synergies with your organization to support your procurement requirements. You can learn more about our capabilities at https://www.rojanglobal.com.

Should you have any upcoming requirements or wish to discuss how we can support your supply chain, please feel free to reach out to us directly via WhatsApp at +989023517939.

We look forward to the possibility of collaborating with you.

Best regards,

Trade Development Team
ROZHAN GLOBAL",no_public_email
Buyer jobs in Procurement & Supply Chain,https://www.michaelpage.com/jobs/buyer/procurement-supply-chain,,"SUBJECT: Strategic Sourcing Partnership: ROZHAN GLOBAL

Dear Procurement Team,

I am writing to introduce ROZHAN GLOBAL, a specialist in international trade and sourcing for petroleum products, chemicals, petrochemicals, steel, and renewable energy.

We understand the complexities of global supply chain management and are positioned to support your procurement requirements with reliable, high-quality solutions. We would welcome the opportunity to discuss how our expertise can add value to your current operations.

You can learn more about our capabilities at https://www.rojanglobal.com or reach us directly via WhatsApp at +989023517939.

We look forward to the possibility of collaborating with your team.

Best regards,

Trade Development Team
ROZHAN GLOBAL",no_public_email
Supply Chain & Logistics Recruiters in Houston | Clayton Services,https://www.claytonpersonnel.com/supply-chain-logistics-recruiters-houston,,"SUBJECT: Strategic Sourcing Partnership: ROZHAN GLOBAL & Clayton Services

Dear Clayton Services Team,

I am reaching out from ROZHAN GLOBAL, a firm specializing in the international sourcing and trade of petrochemicals, petroleum products, steel, and renewable energy.

Given your extensive history of placing supply chain and logistics professionals within the Houston petrochemical and energy sectors, I believe there is a strong synergy between our operations. We are well-positioned to support your network’s procurement and supply chain requirements through our global trade capabilities.

I invite you to visit our website at https://www.rojanglobal.com to learn more about our expertise. I would welcome the opportunity to discuss how we can collaborate to add value to your supply chain initiatives.

You may also reach me directly via WhatsApp at +989023517939.

Best regards,

B2B Trade Development Assistant
ROZHAN GLOBAL",no_public_email
Senior Petrochemical Buyer & Strategic Sourcing,https://bebee.com/us/jobs/senior-petrochemical-buyer-strategic-sourcing-westlake-services-geismar--lensa-7428_9d5c5a3079b2f2b2194b1acdab1751dc1ad6929e30b5cdce744ab08595be7066,support@bebee.com,"SUBJECT: Strategic Sourcing Partnership: ROZHAN GLOBAL

Dear Senior Petrochemical Buyer,

I am reaching out from ROZHAN GLOBAL, a firm specializing in the international sourcing and trade of petrochemicals and chemical products.

Given your strategic focus on procurement and supply chain operations within the petrochemical sector, I would like to introduce our capabilities as a reliable partner for your sourcing requirements. We are committed to efficient vendor evaluation, competitive terms, and ensuring the timely delivery of high-quality industrial supplies.

I invite you to visit our website at https://www.rojanglobal.com to learn more about our trade operations. Should you have any current requirements or wish to discuss potential collaboration, please feel free to contact us via WhatsApp at +989023517939.

We look forward to the possibility of supporting your procurement objectives.

Best regards,

Trade Development Assistant
ROZHAN GLOBAL",sent
Senior Petrochemical Buyer & Strategic Sourcing | Geismar,https://www.jobleads.com/us/job/senior-petrochemical-buyer-strategic-sourcing--geismar--e5a145e605859cd4cfdfe3009b28f2c4d,service@jobleads.de,"SUBJECT: Strategic Sourcing Partnership: ROZHAN GLOBAL

Dear Senior Petrochemical Buyer,

I am writing to introduce ROZHAN GLOBAL as a strategic partner for your petrochemical sourcing requirements.

We specialize in the international trade and sourcing of petrochemicals, petroleum products, steel, and renewable energy. With our robust supply chain capabilities, we are well-positioned to support your procurement objectives at Geismar.

I invite you to visit our website at https://www.rojanglobal.com to learn more about our operations. We would welcome the opportunity to discuss how we can add value to your current sourcing strategy.

You may also reach us directly via WhatsApp at +989023517939.

Best regards,

Trade Development Assistant
ROZHAN GLOBAL",sent
Procurement Lead,https://jobs.ineos-styrolution.com/job/Antwerp-Procurement-Lead-Strategic-Site-Buyer-2040/1284198201/,eva.haverkate@ineos.com,"SUBJECT: Strategic Sourcing Partnership: ROZHAN GLOBAL

Dear Procurement Lead,

I am writing to you from ROZHAN GLOBAL, an international trade firm specializing in the sourcing and supply of petroleum products, chemicals, petrochemicals, steel, and renewable energy.

Given your role as a Strategic Site Buyer, I would like to introduce our capabilities as a reliable partner for your procurement requirements. We are well-positioned to support your supply chain needs with our extensive portfolio and global trade expertise.

You can learn more about our operations at https://www.rojanglobal.com. Should you have any current or upcoming procurement requirements, please feel free to reach out to us directly via WhatsApp at +989023517939.

We look forward to the possibility of collaborating with you.

Best regards,

B2B Trade Development Assistant
ROZHAN GLOBAL",sent
Buyer/Senior Buyer (Direct Materials & Planning Interface),https://mitsubishichemicalgroup.wd3.myworkdayjobs.com/en-US/MCCGroupCareers/job/Buyer-Senior-Buyer--Direct-Materials---Planning-Interface-_JR_0001075-1,,"SUBJECT: Strategic Sourcing Partnership: ROZHAN GLOBAL

Dear [Buyer Name/Senior Buyer],

I am writing to you on behalf of ROZHAN GLOBAL, a specialist in international trade and sourcing for petroleum products, chemicals, petrochemicals, steel, and renewable energy.

Given your role in [Industry] and your focus on [Potential product interest], I believe our supply chain capabilities could provide significant value to your operations. We are committed to facilitating efficient, reliable procurement processes for our partners globally.

I would welcome the opportunity to discuss how we can support your current sourcing requirements. You can view our portfolio at https://www.rojanglobal.com or reach me directly via WhatsApp at +989023517939.

Best regards,

[Your Name]
Trade Development Assistant
ROZHAN GLOBAL",no_public_email
Senior Buyer / Contract Specialist,https://globalkerja.com/job/senior-buyer-contract-specialist/,example@domain.com,"SUBJECT: Strategic Sourcing Partnership: ROZHAN GLOBAL / Petrochemical Procurement

Dear Senior Buyer,

I am reaching out from ROZHAN GLOBAL to introduce our specialized sourcing and international trade services within the petrochemical sector.

We understand your focus on cost-effective procurement, compliance with industry SOPs, and the management of high-value purchase orders. At ROZHAN GLOBAL, we support petrochemical companies by streamlining supply chains and identifying cost-saving initiatives to ensure operational efficiency.

We would welcome the opportunity to discuss how our expertise in petrochemical sourcing can support your current procurement objectives and supplier relationship management plans.

You can learn more about our capabilities at https://www.rojanglobal.com or reach us directly via WhatsApp at +989023517939.

Best regards,

B2B Trade Development Assistant
ROZHAN GLOBAL (روژان تجارت سیروان)",sent
Procurement Buyer,https://talents.vaia.com/companies/alignhr-oregon/new-martinsville/procurement-buyer-equipment-services-onsite-manufacturing-93162440/,409de5b70a2543dd86a70596f9748d8a@o259195.ingest.sentry.io,"SUBJECT: Strategic Sourcing Partnership: ROZHAN GLOBAL

Dear Procurement Team,

I am writing to introduce ROZHAN GLOBAL, a specialist in international trade and sourcing for petroleum products, chemicals, petrochemicals, steel, and renewable energy.

We understand the complexities of managing equipment and services for onsite manufacturing and are well-positioned to support your procurement requirements with reliable global supply chain solutions. We would welcome the opportunity to discuss how our expertise can bring value to your operations.

You can learn more about our capabilities at https://www.rojanglobal.com or reach us directly via WhatsApp at +989023517939.

We look forward to the possibility of collaborating with you.

Best regards,

Trade Development Team
ROZHAN GLOBAL",sent
Petrochemical Industry Email List — 1.4M+ Verified Contacts | ...,https://www.pointtobusinessservices.com/petrochemical-industry-email-list.php,info@pointtobusinessservice.com,"SUBJECT: Strategic Sourcing Partnership: ROZHAN GLOBAL | Petrochemical Supply

Dear Procurement Team,

I am writing to you on behalf of ROZHAN GLOBAL (روژان تجارت سیروان), a specialist in international trade and sourcing for the petrochemical industry.

Given your focus on the petrochemical sector, I would like to introduce our capabilities in sourcing and supplying high-quality petrochemical products to support your operational requirements. We pride ourselves on facilitating efficient, reliable trade solutions tailored to the needs of the global market.

We would welcome the opportunity to discuss how our supply chain expertise can add value to your current procurement strategy. You can learn more about our portfolio at https://www.rojanglobal.com or reach us directly via WhatsApp at +989023517939.

We look forward to the possibility of collaborating with you.

Best regards,

Trade Development Team
ROZHAN GLOBAL (روژان تجارت سیروان)",sent
Best Chemical Industry Email List & Contacts – PN Data Solutions ...,https://pndatasol.com/verified-chemical-industry-email-list-contacts/,sales@pndatasol.com,"SUBJECT: Strategic Sourcing Partnership: ROZHAN GLOBAL

Dear Procurement Team,

I am writing to you from ROZHAN GLOBAL, a firm specializing in the international trade and sourcing of chemicals, petrochemicals, petroleum products, steel, and renewable energy.

We understand that success in the chemical industry requires reliable access to high-quality materials and efficient supply chain solutions. We would welcome the opportunity to discuss how our sourcing capabilities can support your operations and help you scale effectively in this competitive sector.

You can learn more about our services at https://www.rojanglobal.com. If you are interested in exploring a potential partnership, please feel free to reach out to us via WhatsApp at +989023517939.

We look forward to the possibility of working together.

Best regards,

Trade Development Team
ROZHAN GLOBAL",sent
Chemical Industry Email List | Highly Verified Lists,https://www.bluemailmedia.com/industry/chemical/,sales@bluemailmedia.com,"SUBJECT: Strategic Sourcing Partnership: ROZHAN GLOBAL

Dear Team,

I am writing to you from ROZHAN GLOBAL, a firm specializing in international trade and the sourcing of chemicals, petrochemicals, petroleum products, steel, and renewable energy.

We have noted your focus on the chemical industry and would like to explore how our sourcing capabilities can support your operations. We pride ourselves on facilitating efficient, reliable trade solutions for our global partners.

You can learn more about our scope of work at https://www.rojanglobal.com. If you are interested in discussing potential collaboration, please feel free to reach out to us via WhatsApp at +989023517939.

We look forward to the possibility of working together.

Best regards,

Trade Development Team
ROZHAN GLOBAL",sent
WPC: World Petrochemical Conference Past Attendees List Company Title,https://cdn.ihsmarkit.com/www/pdf/1220/WPC-Past-Attendees-List.pdf,,"SUBJECT: Strategic Sourcing Partnership: ROZHAN GLOBAL x LG Chem. Ltd.

Dear Procurement Team,

I am writing to you from ROZHAN GLOBAL, a firm specializing in international trade and sourcing for the petrochemical and chemical sectors.

Given your role at LG Chem. Ltd., I would like to introduce our capabilities in facilitating the global supply of petrochemical products. We are well-positioned to support your procurement requirements with efficiency and professional reliability.

I invite you to visit our website at https://www.rojanglobal.com to learn more about our operations. Should you have any current sourcing needs or wish to discuss a potential partnership, please feel free to reach out to me directly via WhatsApp at +989023517939.

We look forward to the possibility of collaborating with your team.

Best regards,

B2B Trade Development Assistant
ROZHAN GLOBAL
https://www.rojanglobal.com
WhatsApp: +989023517939",no_public_email
Petrochemicals Suppliers,https://www.thomasnet.com/suppliers/usa/petrochemicals-57725004,,"SUBJECT: Strategic Sourcing Partnership: ROZHAN GLOBAL & Petrochemicals Suppliers

Dear Procurement Team,

I am writing to you on behalf of ROZHAN GLOBAL. We have been following your extensive work as a global manufacturer of engineered plastics, polymers, and resins, and we believe there is a strong synergy between your production requirements and our international trade capabilities.

ROZHAN GLOBAL specializes in the sourcing and supply of high-quality chemicals and petrochemical products. Given your focus on advanced materials—including bio-polymers, elastomers, and thermoplastics—we are well-positioned to support your supply chain requirements with efficiency and reliability.

We would welcome the opportunity to discuss how our sourcing network can add value to your operations. You can learn more about our capabilities at https://www.rojanglobal.com or reach us directly via WhatsApp at +989023517939.

We look forward to the possibility of a productive partnership.

Best regards,

Trade Development Assistant
ROZHAN GLOBAL",no_public_email
Petrochemicals - Parchem,https://parchem.com/product-specialty-chemicals-catalog/petrochemical-products-supplier/petrochemicals-and-petrochemical-feedstock-distributor,,"SUBJECT: Strategic Sourcing Partnership: ROZHAN GLOBAL & Parchem

Dear Parchem Team,

I am writing to you from ROZHAN GLOBAL, an international trade firm specializing in the sourcing and supply of petrochemicals, petroleum products, chemicals, steel, and renewable energy.

We have been following Parchem’s work as a supplier of chemicals for industrial manufacturing, polymers, coatings, and energy applications. Given your extensive portfolio of solvents, monomers, and specialty hydrocarbons, we believe there is a strong synergy between our sourcing capabilities and your supply chain requirements.

We would welcome the opportunity to discuss how we can support your procurement needs. You can learn more about our operations at https://www.rojanglobal.com or reach us directly via WhatsApp at +989023517939.

We look forward to the possibility of collaborating with you.

Best regards,

B2B Trade Development Assistant
ROZHAN GLOBAL (روژان تجارت سیروان)",no_public_email
Purchasing Managers Email List | Data Marketers Group,https://www.datamarketersgroup.com/purchasing-managers-email-list/,,"SUBJECT: Strategic Sourcing Partnership: ROZHAN GLOBAL

Dear Purchasing Manager,

I am writing to you on behalf of ROZHAN GLOBAL. We specialize in international trade and the sourcing of petroleum products, chemicals, petrochemicals, steel, and renewable energy.

As you manage procurement processes across various industries, we would like to introduce our capabilities as a reliable partner for your supply chain requirements. We invite you to learn more about our operations at https://www.rojanglobal.com.

Should you have any current sourcing requirements or wish to discuss potential collaboration, please feel free to reach out to us directly via WhatsApp at +989023517939.

Best regards,

Trade Development Team
ROZHAN GLOBAL",no_public_email
"Steel Purchasing Manager Jobs, Employment | Indeed",https://www.indeed.com/q-steel-purchasing-manager-jobs.html,,"SUBJECT: Strategic Steel Sourcing Partnership – ROZHAN GLOBAL

Dear Purchasing Manager,

I am writing to you from ROZHAN GLOBAL, a firm specializing in international trade and the sourcing of steel products.

Given your active role in steel procurement, I would like to introduce our capabilities as a reliable partner for your supply chain requirements. We focus on facilitating efficient trade and sourcing solutions for high-quality steel products to support your operational needs.

We would welcome the opportunity to discuss how our expertise can add value to your current procurement strategy. Please feel free to visit our website at https://www.rojanglobal.com or contact us directly via WhatsApp at +989023517939 to explore a potential collaboration.

Best regards,

Trade Development Assistant
ROZHAN GLOBAL",no_public_email
Industrial Metal Supply Co. | Metal Made Easy,https://www.industrialmetalsupply.com/,,"SUBJECT: Strategic Sourcing Partnership: ROZHAN GLOBAL & Industrial Metal Supply Co.

Dear Industrial Metal Supply Co. Team,

I am writing to you from ROZHAN GLOBAL, an international trade firm specializing in the sourcing and supply of steel, chemicals, petrochemicals, petroleum products, and renewable energy solutions.

Given your expertise as an experienced industrial metal supplier, we believe there is a strong synergy between our sourcing capabilities and your commitment to providing high-quality metal products. We would welcome the opportunity to discuss how our global supply chain can support your project requirements and specifications.

You can learn more about our operations at https://www.rojanglobal.com or reach me directly via WhatsApp at +989023517939.

We look forward to the possibility of collaborating with you.

Best regards,

B2B Trade Development Assistant
ROZHAN GLOBAL",no_public_email
Oil and Gas Buyers Mailing List - 644K+ Contacts,https://www.datacaptive.com/industry-wise-mailing-list/oil-and-gas-buyers-mailing-list/,reach@datacaptive.com,"SUBJECT: Strategic Partnership Opportunity: ROZHAN GLOBAL Sourcing & Trade

Dear Procurement Team,

I am writing to you from ROZHAN GLOBAL, a firm specializing in the international trade and sourcing of petroleum products, chemicals, petrochemicals, steel, and renewable energy.

We are interested in exploring potential synergies with your organization to facilitate reliable supply chain solutions. You can learn more about our operations at https://www.rojanglobal.com.

Should you have any current requirements or wish to discuss how we can support your procurement needs, please feel free to reach out to us directly via WhatsApp at +989023517939.

We look forward to the possibility of collaborating with you.

Best regards,

Trade Development Team
ROZHAN GLOBAL",sent
Petroleum Product Suppliers Email List,https://www.averickmedia.com/database/petroleum-product-suppliers-email-list,sales@averickmedia.com,"SUBJECT: Strategic Sourcing Partnership: ROZHAN GLOBAL

Dear Procurement Team,

I am writing to you from ROZHAN GLOBAL, a firm specializing in the sourcing and international trade of petroleum products, chemicals, petrochemicals, steel, and renewable energy.

Given your focus on the petroleum sector, I would like to introduce our capabilities as a reliable partner for your supply chain requirements. We are committed to facilitating efficient, professional trade solutions tailored to your specific market needs.

I invite you to visit our website at https://www.rojanglobal.com to learn more about our operations. Should you have any inquiries or wish to discuss potential collaboration, please feel free to reach out to us directly via WhatsApp at +989023517939.

We look forward to the possibility of working together.

Best regards,

Trade Development Assistant
ROZHAN GLOBAL",sent
Petroleum Products Buyers | Buy Requests from Petroleum Products ...,https://www.tradewheel.com/buyers/petroleum-products/,info@tradewheel.com,"SUBJECT: Strategic Partnership Opportunity: Petroleum Products Sourcing with ROZHAN GLOBAL

Dear Procurement Team,

I am writing to you on behalf of ROZHAN GLOBAL (روژان تجارت سیروان), a specialist in international trade and sourcing for petroleum products, chemicals, petrochemicals, steel, and renewable energy.

We have identified your interest in petroleum products and would like to introduce our capabilities as a reliable supplier. We are committed to facilitating seamless trade and providing high-quality solutions tailored to your procurement requirements.

We would welcome the opportunity to discuss how we can support your supply chain. You can learn more about our operations at https://www.rojanglobal.com or reach us directly via WhatsApp at +989023517939.

We look forward to the possibility of collaborating with you.

Best regards,

Trade Development Assistant
ROZHAN GLOBAL",sent
Crude Oil Purchasing - Contact Information - American Refining Group,https://www.amref.com/crude-oil/crude-oil-purchasing/,rbest@amref.com,"SUBJECT: Strategic Sourcing Partnership: ROZHAN GLOBAL

Dear American Refining Group Purchasing Team,

I am writing to introduce ROZHAN GLOBAL, an international trade firm specializing in the sourcing and supply of petroleum products, chemicals, petrochemicals, steel, and renewable energy.

We have noted your active procurement of crude oil and would welcome the opportunity to discuss how our global supply chain capabilities can support your operational requirements. 

You can learn more about our expertise at https://www.rojanglobal.com. We are available to discuss potential synergies at your convenience via WhatsApp at +989023517939.

We look forward to the possibility of collaborating with your team.

Best regards,

B2B Trade Development Assistant
ROZHAN GLOBAL",sent
Petroleum and Petroleum Products Email List | FountMedia,https://www.fountmedia.com/petroleum-and-petroleum-products-email-list/,sales@fountmedia.com,"SUBJECT: Strategic Sourcing Partnership: ROZHAN GLOBAL

Dear Team,

I am writing to you from ROZHAN GLOBAL. We specialize in the international sourcing and trade of petroleum products, chemicals, petrochemicals, steel, and renewable energy.

Given your focus on the petroleum industry, I believe our capabilities as a global supplier can provide significant value to your operations. We are committed to facilitating efficient, high-quality trade solutions for our partners worldwide.

I would welcome the opportunity to discuss how we can support your specific requirements. You can learn more about our operations at https://www.rojanglobal.com or reach me directly via WhatsApp at +989023517939.

Best regards,

B2B Trade Development Assistant
ROZHAN GLOBAL",sent
Oil and Gas Industry Email List | 550K+ Energy Contacts,https://www.bizinforusa.com/industry-database/oil-and-gas-leads/,sales@bizinforusa.com,"SUBJECT: Strategic Sourcing Partnership: ROZHAN GLOBAL

Dear Procurement Team,

I am writing to you from ROZHAN GLOBAL, a firm specializing in international trade and sourcing across the petroleum, chemical, petrochemical, steel, and renewable energy sectors.

We are interested in exploring potential synergies with your organization to support your supply chain requirements. You can learn more about our capabilities and portfolio at https://www.rojanglobal.com.

If you would like to discuss how we can assist with your sourcing needs, please feel free to reach out via email or WhatsApp at +989023517939.

Best regards,

Trade Development Team
ROZHAN GLOBAL
https://www.rojanglobal.com",sent
How to get the emails for crude oil buyers - Quora,https://www.quora.com/How-do-I-get-the-emails-for-crude-oil-buyers,,"SUBJECT: Strategic Sourcing Partnership: ROZHAN GLOBAL

Dear Procurement Team,

I am writing to introduce ROZHAN GLOBAL, a professional firm specializing in the international trade and sourcing of petroleum products, chemicals, petrochemicals, steel, and renewable energy solutions.

We understand the complexities and regulatory requirements inherent in the global energy and commodities markets. Our expertise lies in navigating these challenges to provide reliable supply chain solutions for our partners.

We would welcome the opportunity to discuss how our sourcing capabilities can support your current requirements. You may learn more about our operations at https://www.rojanglobal.com or reach us directly via WhatsApp at +989023517939.

We look forward to the possibility of collaborating with your team.

Best regards,

Trade Development Assistant
ROZHAN GLOBAL",no_public_email
Crude Oil Buyers & Importers | go4WorldBusiness.com,https://www.go4worldbusiness.com/find?searchText=crude-oil&BuyersOrSuppliers=buyers,help@go4worldbusiness.com,"SUBJECT: Strategic Sourcing Partnership: Crude Oil Supply | ROZHAN GLOBAL

Dear Procurement Team,

I am writing to you on behalf of ROZHAN GLOBAL. We specialize in international trade and sourcing for petroleum products, including the supply of crude oil in bulk to verified importers.

We are interested in connecting with your organization to discuss how our supply capabilities can support your wholesale requirements. You can learn more about our operations at https://www.rojanglobal.com.

Should you have any active requirements, please feel free to reach out to us via WhatsApp at +989023517939. We look forward to the possibility of a professional collaboration.

Best regards,

Trade Development Team
ROZHAN GLOBAL",sent
Petrochemical Industry Email List | Minimum Bounce Rates,https://www.bluemailmedia.com/industry/chemical/petrochemical/,sales@bluemailmedia.com,"SUBJECT: Strategic Sourcing Partnership: ROZHAN GLOBAL

Dear Team,

I am writing to you from ROZHAN GLOBAL, a company specializing in the international trade and sourcing of petrochemicals, petroleum products, steel, and renewable energy.

We understand your focus on the petrochemical industry and your commitment to high-quality outreach. We are interested in exploring how our sourcing capabilities can support your business objectives.

You can learn more about our operations at https://www.rojanglobal.com. If you would like to discuss potential collaboration, please feel free to reach out to us via WhatsApp at +989023517939.

We look forward to the possibility of working together.

Best regards,

Trade Development Assistant
ROZHAN GLOBAL",sent
How the Petrochemicals Industry Works,https://umbrex.com/resources/how-industries-work/manufacturing-industrial/how-the-petrochemicals-industry-works/,inquiry@umbrex.com,"SUBJECT: Strategic Sourcing Partnership: ROZHAN GLOBAL & Petrochemical Value Chains

Dear Team,

I am writing to you from ROZHAN GLOBAL. Having followed your insightful analysis on the petrochemicals industry, including your detailed work on value chains and key market drivers, it is clear that your organization maintains a sophisticated understanding of the sector.

ROZHAN GLOBAL specializes in international trade and sourcing across the petrochemicals, petroleum products, chemicals, steel, and renewable energy sectors. Given your focus on the complexities of the petrochemical value chain, I believe our sourcing capabilities could provide significant value to your operations.

We would welcome the opportunity to discuss how our supply network aligns with your current requirements. You can learn more about our operations at https://www.rojanglobal.com or reach us directly via WhatsApp at +989023517939.

We look forward to the possibility of collaborating with you.

Best regards,

Trade Development Assistant
ROZHAN GLOBAL",sent
CER – Market Snapshot: Petrochemical products in everyday life,https://www.cer-rec.gc.ca/en/data-analysis/energy-markets/market-snapshots/2018/market-snapshot-petrochemical-products-in-everyday-life.html,,"SUBJECT: Strategic Sourcing Partnership: Petrochemical Supply Solutions for CER

Dear CER Team,

I am writing to you from ROZHAN GLOBAL, a firm specializing in the international sourcing and trade of petrochemicals, chemicals, and petroleum products.

Having reviewed your focus on the petrochemical value chain—from raw material feedstocks to industrial and consumer derivatives—we believe our supply capabilities align perfectly with your operational requirements. We provide reliable access to high-quality petrochemical products, ensuring seamless integration into your supply chain.

We would welcome the opportunity to discuss how our sourcing expertise can support your specific needs. You can learn more about our portfolio at https://www.rojanglobal.com or reach us directly via WhatsApp at +989023517939.

We look forward to the possibility of collaborating with CER.

Best regards,

B2B Trade Development Assistant
ROZHAN GLOBAL (روژان تجارت سیروان)",no_public_email
Chemical Sourcing and Procurement | Camco Chemical,https://www.camco-chem.com/services-capabilities/sourcing-and-procurement/sourcing-and-procurement/,,"SUBJECT: Strategic Chemical Sourcing Partnership – ROZHAN GLOBAL

Dear Camco Chemical Procurement Team,

I am writing to you from ROZHAN GLOBAL, an international trade firm specializing in the sourcing and supply of high-quality chemicals and petrochemical products.

Given your leadership in chemical sourcing and procurement across the Greater Cincinnati and Midwest regions, I believe there is a strong synergy between our global supply capabilities and your operational requirements. We are committed to providing reliable, efficient trade solutions that can support your procurement goals.

I would welcome the opportunity to discuss how ROZHAN GLOBAL can serve as a strategic partner for your chemical supply chain. You can learn more about our expertise at https://www.rojanglobal.com or reach me directly via WhatsApp at +989023517939.

I look forward to the possibility of collaborating with your team.

Best regards,

B2B Trade Development Assistant
ROZHAN GLOBAL",no_public_email
Petrochemical Feedstocks: 7 Critical Market Dynamics - Petro Eghlima,https://petroeghlima.com/2026/02/25/petrochemical-feedstocks-dynamics/,hedayat.hashemi@petroeghlima.com,"SUBJECT: Strategic Petrochemical Feedstock Supply – ROZHAN GLOBAL

Dear Procurement Team at Petro Eghlima,

Following your recent insights on the critical role of petrochemical feedstocks in global industrial production, I am writing to introduce ROZHAN GLOBAL.

As a specialist in international trade and sourcing, we provide reliable supply chain solutions for petrochemicals, chemicals, and petroleum products. We understand that securing a stable and cost-effective feedstock supply is a strategic imperative for maintaining your margins and operational resilience.

We would welcome the opportunity to discuss how our sourcing capabilities can support your specific requirements. You can learn more about our operations at https://www.rojanglobal.com or reach us directly via WhatsApp at +989023517939.

We look forward to the possibility of collaborating with you.

Best regards,

Trade Development Assistant
ROZHAN GLOBAL",sent
Chemical Supply Chain Management & Procurement for Chemical Industry ...,https://www.gep.com/industries/chemicals,info@gep.com,"SUBJECT: Strategic Sourcing Partnership: ROZHAN GLOBAL x GEP

Dear GEP Team,

I am writing to you from ROZHAN GLOBAL, a firm specializing in the international sourcing and trade of chemicals, petrochemicals, and petroleum products.

We have been following GEP’s work in providing robust supply chain management and procurement solutions for the chemical industry. Given your focus on mitigating supply chain risks for large chemical enterprises, we believe our expertise in global sourcing can serve as a valuable asset to your procurement operations.

We would welcome the opportunity to discuss how ROZHAN GLOBAL can support your supply chain requirements. You can learn more about our capabilities at https://www.rojanglobal.com or reach us directly via WhatsApp at +989023517939.

We look forward to the possibility of collaborating with your team.

Best regards,

B2B Trade Development Assistant
ROZHAN GLOBAL",sent
Get to Know More about Petrochemical,https://pertachem.com/get-to-know-more-about-petrochemical,marketing.ppt@pertamina.com,"SUBJECT: Strategic Sourcing Partnership: Petrochemical Supply Solutions

Dear Team at Get to Know More about Petrochemical,

As you are well aware, petrochemicals serve as the essential foundation for modern industrial production and consumer goods. At ROZHAN GLOBAL, we specialize in the international sourcing and trade of high-quality petrochemical products designed to meet these critical supply chain requirements.

Given your focus on the petrochemical sector, we would like to introduce our capabilities as a reliable partner for your procurement needs. We are committed to facilitating efficient, professional trade solutions that support your operational goals.

You can learn more about our full range of services at https://www.rojanglobal.com. 

We welcome the opportunity to discuss how we can support your business. Please feel free to reach out to us directly via WhatsApp at +989023517939.

Best regards,

Trade Development Team
ROZHAN GLOBAL (روژان تجارت سیروان)",sent
"Petro Chemical Market by Type, End-Use Industry, Application & ...",https://www.marketsandmarkets.com/Market-Reports/petro-chemical-market-35603900.html,cmsales@marketsandmarkets.com,"SUBJECT: Strategic Sourcing Partnership: ROZHAN GLOBAL | Chemicals & Petrochemicals

Dear Procurement Team,

I am writing to you from ROZHAN GLOBAL, a specialized firm focused on international sourcing and trade in chemicals, petrochemicals, petroleum products, steel, and renewable energy.

We have been following the latest industry insights regarding the global petrochemical market forecast through 2030. As your company continues to navigate this evolving landscape, we would like to offer our expertise as a reliable trade partner to support your supply chain requirements and business growth.

We invite you to visit our website at https://www.rojanglobal.com to learn more about our capabilities. Should you have any immediate sourcing needs or wish to discuss potential collaboration, please feel free to reach out to us directly via WhatsApp at +989023517939.

We look forward to the possibility of working together.

Best regards,

Trade Development Assistant
ROZHAN GLOBAL",sent
Procurement > thyssenkrupp Electrical Steel > Company > thyssenkrupp ...,https://www.thyssenkrupp-steel.com/en/company/business-units/electrical-steel/contact/procurement.html,,"SUBJECT: Strategic Sourcing Partnership: ROZHAN GLOBAL & thyssenkrupp Electrical Steel

Dear Procurement Team,

I am writing to you from ROZHAN GLOBAL, an international trade firm specializing in the sourcing and supply of steel, petrochemicals, and industrial raw materials.

We have been following thyssenkrupp Electrical Steel’s leadership in the global steel production and processing sector. Given your commitment to innovation and high-quality standards, we believe ROZHAN GLOBAL can serve as a reliable partner to support your supply chain requirements.

We would welcome the opportunity to discuss how our sourcing capabilities can align with your current procurement objectives. You can learn more about our operations at https://www.rojanglobal.com or reach us directly via WhatsApp at +989023517939.

We look forward to the possibility of collaborating with your team.

Best regards,

Trade Development Assistant
ROZHAN GLOBAL (روژان تجارت سیروان)
https://www.rojanglobal.com
WhatsApp: +989023517939",no_public_email
Request a Quote | Your Gateway to Exceptional Steel Solutions,https://www.steel-mfg.com/contact-us/,sales@steel-mfg.com,"SUBJECT: Strategic Partnership Opportunity: Steel Sourcing with ROZHAN GLOBAL

Dear Procurement Team,

I am writing to you from ROZHAN GLOBAL, where we specialize in international trade and sourcing for the steel and petrochemical sectors.

Having noted your focus on innovative steel manufacturing, I believe our expertise in global supply chain management can provide significant value to your operations. We are well-positioned to support your requirements for high-quality steel products and contribute to your continued success.

I would welcome the opportunity to discuss how we can assist with your current sourcing needs. Please feel free to reach out via email or WhatsApp at +989023517939 to explore a potential collaboration.

For more information about our capabilities, please visit our website at https://www.rojanglobal.com.

Best regards,

Trade Development Assistant
ROZHAN GLOBAL (روژان تجارت سیروان)",sent
The Top 10 Steel Suppliers In PA,https://www.bushwickmetals.com/top-steel-suppliers-in-pa/,,"SUBJECT: Strategic Steel Sourcing Partnership – ROZHAN GLOBAL

Dear Procurement Team,

I am writing to you from ROZHAN GLOBAL, an international trade firm specializing in the sourcing and supply of steel and industrial commodities.

Recognizing your position as a leading steel supplier in Pennsylvania, I would like to introduce our capabilities as a reliable partner for your international sourcing requirements. We bridge the gap between global production markets and industry leaders, ensuring consistent supply chains for high-quality steel products.

We would welcome the opportunity to discuss how our sourcing expertise can support your operations. You can learn more about our portfolio at https://www.rojanglobal.com or reach us directly via WhatsApp at +989023517939.

We look forward to the possibility of collaborating with your team.

Best regards,

Trade Development Assistant
ROZHAN GLOBAL",no_public_email
Contact Us | Steel Warehouse,https://www.steelwarehouse.com/contact-us/,,"SUBJECT: Strategic Sourcing Partnership: ROZHAN GLOBAL x Steel Warehouse

Dear Steel Warehouse Team,

I am writing to you from ROZHAN GLOBAL, an international trade firm specializing in the sourcing and supply of steel, petrochemicals, and energy products.

We have been following your operations in the steel industry and would welcome the opportunity to support your supply chain requirements. Our expertise in global trade ensures reliable procurement and efficient logistics for high-quality steel products.

I noticed you may be experiencing technical difficulties accessing our website due to browser compatibility. For the best experience and to view our full portfolio, please visit https://www.rojanglobal.com using a modern browser.

We would appreciate the chance to discuss how our sourcing capabilities can add value to your business. Are you currently open to reviewing new supply options for your steel requirements?

You may also reach us directly via WhatsApp at +989023517939.

Best regards,

B2B Trade Development Assistant
ROZHAN GLOBAL
https://www.rojanglobal.com",no_public_email
About Us - Locations - www.ussteel. ...,https://www.ussteel.com/about-us/locations,,"SUBJECT: Strategic Sourcing Partnership: Steel Supply Solutions for US Steel

Dear Procurement Team,

I am writing to you from ROZHAN GLOBAL, an international trade firm specializing in the sourcing and supply of steel and industrial raw materials.

We have been following the operational shifts at US Steel, specifically regarding the transition of tin and coated sheet production to the Midwest and Gary facilities. As you optimize your supply chain to meet the demands of the food and beverage packaging market, ROZHAN GLOBAL is positioned to support your requirements with reliable, high-quality steel sourcing.

We would welcome the opportunity to discuss how our international trade capabilities can align with your current production needs. 

You can learn more about our operations at https://www.rojanglobal.com or reach us directly via WhatsApp at +989023517939.

Best regards,

Trade Development Assistant
ROZHAN GLOBAL (روژان تجارت سیروان)",no_public_email
"Steel Products, Inc. - Locations and Key Contacts | ProView",https://www.thebluebook.com/iProView/393296/steel-products-inc/subcontractors/locations-contacts/,,"SUBJECT: Strategic Sourcing Partnership: ROZHAN GLOBAL & Steel Products, Inc.

Dear Procurement Team,

I am reaching out from ROZHAN GLOBAL, a specialized firm focused on international trade and the sourcing of high-quality steel products.

Having identified Steel Products, Inc. as a key player in the steel industry, I would like to introduce our capabilities as a reliable supply chain partner. We provide comprehensive sourcing solutions tailored to meet the rigorous demands of the steel sector.

We would welcome the opportunity to discuss how our expertise can support your procurement requirements. You can learn more about our operations at https://www.rojanglobal.com or reach us directly via WhatsApp at +989023517939.

Are you currently open to discussing new sourcing opportunities for your steel requirements?

Best regards,

Trade Development Team
ROZHAN GLOBAL",no_public_email
Mill Products | CMC,https://www.cmc.com/en-us/what-we-do/america/mill-products,mycmc-logo@2x.png,"SUBJECT: Strategic Steel Supply Partnership: ROZHAN GLOBAL x CMC

Dear CMC Procurement Team,

With over a century of expertise in the metals industry and your extensive operations spanning steel mills, fabrication facilities, and recycling centers across the U.S. and Poland, CMC is a clear leader in the sector.

I am writing to introduce ROZHAN GLOBAL. We specialize in international trade and sourcing for steel and industrial commodities. Given your established footprint and commitment to quality, we would welcome the opportunity to discuss how our sourcing capabilities can support your supply chain requirements.

You can learn more about our operations at https://www.rojanglobal.com. If you are open to a conversation, please feel free to reach out via email or WhatsApp at +989023517939.

Best regards,

Trade Development Assistant
ROZHAN GLOBAL (روژان تجارت سیروان)",sent
Contact Us – United Steel Supply,https://unitedsteelsupply.com/contact-us/,,"SUBJECT: Strategic Steel Sourcing Partnership: ROZHAN GLOBAL

Dear United Steel Supply Team,

I am writing to you from ROZHAN GLOBAL, an international trade firm specializing in the sourcing and supply of steel and industrial commodities.

We have been following your work in the metal roofing and metal building industry and believe our global sourcing capabilities could provide significant value to your supply chain. We are well-positioned to assist United Steel Supply in securing high-quality steel products to meet your operational requirements.

I would welcome the opportunity to discuss how we can support your procurement needs. You can learn more about our expertise at https://www.rojanglobal.com or reach me directly via WhatsApp at +989023517939.

Best regards,

B2B Trade Development Assistant
ROZHAN GLOBAL (روژان تجارت سیروان)
https://www.rojanglobal.com
WhatsApp: +989023517939",no_public_email
Steel Home - Summit Steel Corporation,https://summitsteel.com/,,"SUBJECT: Strategic Sourcing Partnership: ROZHAN GLOBAL & Steel Home - Summit Steel Corporation

Dear Steel Home - Summit Steel Corporation Team,

I am writing to you on behalf of ROZHAN GLOBAL. We specialize in international trade and sourcing for the steel industry, alongside our expertise in chemicals, petrochemicals, petroleum products, and renewable energy.

Given your focus on the steel sector, we would welcome the opportunity to support your supply chain requirements. We pride ourselves on facilitating efficient, professional trade solutions tailored to the needs of our global partners.

You can learn more about our capabilities at https://www.rojanglobal.com. If you are interested in discussing potential collaboration, please feel free to reach out to us directly via WhatsApp at +989023517939.

We look forward to the possibility of working together.

Best regards,

B2B Trade Development Assistant
ROZHAN GLOBAL (روژان تجارت سیروان)",no_public_email
